overall_rank,batch_rank,title,organization,org_type,composite_score,iaps_alignment,policy_specificity,evidence_base,political_viability,reasoning,row_index
1,1,Assess and monitor export controls for effectiveness,Center for Security and Emerging Technology,Think Tank,9.45,10.0,9.5,9.5,8.5,"Highly aligned with IAPS priorities on export controls and evidence-based policy. Calls for scenario planning, monitoring, and post-implementation assessment—concrete, actionable, and grounded in real-world constraints. Directly addresses national security and compute governance.",1477
2,1,Implement AI incident reporting for federal agencies,Center for Security and Emerging Technology,Think Tank,9.325,10.0,9.5,9.0,8.5,"Mandates incident reporting for federal AI, directly advancing IAPS priorities on AI governance, safety, and national security. Specifies agency obligations, timelines, and enforcement. Supported by precedent in cybersecurity and aviation. Politically feasible within federal authority.",3002
3,1,Strengthen export controls on AI hardware and model weights,Anthropic,Frontier Developer,9.325,10.0,9.5,9.0,8.5,"Directly addresses IAPS's core focus on compute governance and export controls. Concrete, actionable recommendations for strengthening export controls on AI hardware and model weights, with clear evidence of efficacy and real-world precedent. Politically viable within current national security frameworks.",4278
4,1,Build federal capacity to test and evaluate AI models for national security,Anthropic,Frontier Developer,9.075,10.0,9.0,8.5,8.5,"Directly addresses IAPS priorities (national security, model evaluation, risk mitigation). Proposes concrete infrastructure for rapid AI model assessment, with clear implementation path and measurable objectives. Evidence-based, anticipates rapid model advances, and is politically viable within existing agency authorities.",2645
5,2,Establish AI development reporting programs,Center for Security and Emerging Technology,Think Tank,8.975,10.0,9.0,8.5,8.0,"Concrete, actionable reporting regime for AI development, closing information gaps between government and developers. Directly aligns with IAPS focus on compute governance and risk monitoring. Realistic, modeled on existing reporting programs.",2932
6,2,Empower U.S. AI Safety Institute for evaluation science,Center for Security and Emerging Technology,Think Tank,8.825,9.5,9.0,8.5,8.0,"Directly advances IAPS focus on AI safety institutes and evaluation science. Proposes specific benchmarks and government-industry collaboration, with clear implementation path and recent precedent.",1669
7,3,Facilitate cross-government expertise on AI evaluation,Center for Security and Emerging Technology,Think Tank,8.825,9.5,9.0,8.5,8.0,"Facilitates cross-government expertise on AI evaluation, leveraging existing agency strengths (NSA, DOE). Highly actionable, addresses real gaps in AI risk evaluation. Strong IAPS alignment with national security and governance.",3342
8,2,Early Warning System for AI-Powered Threats,Federation of American Scientists,Think Tank,8.825,9.5,9.0,8.5,8.0,"Establishing an early warning system for dual-use AI threats is highly aligned with IAPS's focus on national security and AI risk governance. Proposal is specific, references policy precedents, and is actionable within existing agency structures.",4006
9,2,AI Model Integrity Framework,Alvarez & Marshall Federal LLC,Industry (Other),8.7,9.5,9.0,8.0,8.0,"Highly aligned with IAPS focus on AI model security and standards. Proposes actionable steps (model registry, cryptographic verification, NIST leadership). Evidence-based, references real security risks. Implementation is feasible via NIST and regulatory agencies.",2077
10,3,Improve security of U.S. frontier AI laboratories,Anthropic,Frontier Developer,8.7,9.5,9.0,8.0,8.0,"Addresses a real and underappreciated threat: theft of frontier AI models undermining export controls. Specific recommendations for physical and cyber security at AI labs, with clear implementation path and strong alignment to IAPS priorities.",4739
11,4,Voluntary AI Incident Reporting Hub,Federation of American Scientists,Think Tank,8.549999999999999,9.0,8.5,8.5,8.0,"Voluntary AI incident reporting hub modeled on successful systems (FAA, FDA). Specific, actionable, and addresses AI risk monitoring. Strong evidence base and feasible under NIST or similar agencies.",2985
12,3,Implement Risk-Based AI Export Controls,Information Technology Industry Council,Industry Association,8.424999999999999,9.0,8.5,8.0,8.0,"Concrete, risk-based export control proposal, highly relevant to IAPS compute governance and national security. Specific focus on model weights and compute power, with awareness of international competitiveness.",1204
13,5,Create a NIST Foundation to Support AI Mandate,Federation of American Scientists,Think Tank,8.424999999999999,9.0,8.5,8.0,8.0,"Creates a NIST Foundation to support AI mandate, modeled on DOE FESI. Directly supports IAPS-aligned AI governance and safety infrastructure. Bipartisan support and legislative precedent.",3615
14,4,Track technology transfers to China,Center for Security and Emerging Technology,Think Tank,8.325,9.0,8.5,8.0,7.5,"Directly targets tech transfer to China, a core IAPS concern. Proposes a new office/task force with practical recommendations—actionable and fills a real gap.",1989
15,3,AI Model Security Framework,Alvarez & Marshall Federal LLC,Industry (Other),8.325,9.0,8.5,8.0,7.5,"Strong alignment with IAPS's AI security and governance priorities. Proposes specific standards, national lab, and review processes. Implementation path is clear (NIST, certification). Evidence-based, addresses real vulnerabilities.",2850
16,4,Modified Export Control Strategy for Democratic AI,OpenAI,Frontier Developer,8.325,9.0,8.5,8.0,7.5,"Proposes a nuanced export control strategy that advances U.S. AI leadership and aligns with IAPS's international governance focus. Specific, actionable, and considers global political realities.",4205
17,5,Assess Foreign AI Models for Security Risks,Information Technology Industry Council,Industry Association,8.325,9.0,8.5,8.0,7.5,"Concrete, actionable recommendation for CISA and the AI Safety Institute to assess foreign AI models for security risks. Directly supports IAPS's dual-use risk and national security priorities.",4533
18,1,Bio Capability Evaluations Program for AI-Driven Biological Threats,Federation of American Scientists,Think Tank,8.299999999999999,9.0,8.5,7.5,8.0,"Highly specific, actionable recommendation to establish a bio capability evaluations program for AI-driven biological threats. Directly addresses dual-use AI risks and national security, a core IAPS concern. Cites existing agency work and proposes interagency coordination with funding. Politically viable and fills a real policy gap.",2
19,5,Establish industry-specific AI incident reporting,Center for Security and Emerging Technology,Think Tank,8.275,8.5,8.5,8.0,8.0,"Concrete, sector-specific incident reporting for AI, with clear agency roles and investigative authority. Strong alignment with IAPS focus on governance mechanisms and risk management.",1502
20,2,Adversarial AI Research Program,Alvarez & Marshall Federal LLC,Industry (Other),8.2,9.0,8.0,8.0,7.5,"Concrete proposal for adversarial AI research, national red teaming, and standardized testing. Directly advances IAPS priorities on AI security and governance. Specifies agencies, funding, and implementation. Supported by real-world need and feasible within current structures.",439
21,6,Clarify policy scope for biological AI models,Center for Security and Emerging Technology,Think Tank,8.2,9.0,8.0,8.0,7.5,"Requires policy clarity for chem-bio AI models, addressing a real regulatory gap. Highly specific and actionable, with direct implications for export controls and national security.",3156
22,7,Ensure Mandatory Shutdown Mechanisms in AI Systems,Wahba Institute for Strategic Competition,Think Tank,8.2,9.0,8.0,8.0,7.5,"Mandatory shutdown mechanisms for high-risk AI systems (autonomous weapons, infrastructure). Directly advances IAPS safety and national security priorities. Technically feasible, clear implementation path.",3515
23,8,Deploy AI for critical infrastructure security and threat detection,Bipartisan Policy Center,Think Tank,8.2,9.0,8.0,8.0,7.5,"Deploys AI for critical infrastructure security, instructing DOE/DHS to build anomaly detection tools. Specific, actionable, and directly supports IAPS national security and resilience goals.",3529
24,4,AI Supply Chain Security,Alvarez & Marshall Federal LLC,Industry (Other),8.075,9.0,8.0,7.5,7.5,"Directly addresses AI supply chain security, a key IAPS concern. Proposes concrete frameworks (lifecycle, provenance tracking, trusted vendor program). CISA/NIST involvement is realistic. Evidence-based, addresses real-world threats.",2282
25,5,Federal AI Compute Framework,Alvarez & Marshall Federal LLC,Industry (Other),8.075,9.0,8.0,7.5,7.5,"Concrete, actionable proposal for federated AI compute infrastructure, directly advancing IAPS compute governance priorities. Clear implementation via NSF/DOE/DoD. Evidence-based, addresses national priorities.",2421
26,3,Implement AI testing requirements for government procurement,Center for Security and Emerging Technology,Think Tank,8.05,8.5,8.5,7.5,7.5,"Specific, actionable recommendation for AI testing in government procurement. Aligns with IAPS focus on standards, risk evaluation, and governance. Feasible, leverages procurement authority, and addresses a real oversight gap.",369
27,6,Deploy appropriate model safeguards for biosecurity,Center for Security and Emerging Technology,Think Tank,8.05,8.5,8.0,8.0,7.5,"Proposes a suite of model safeguards for biosecurity, referencing CSET research and specific mechanisms. Actionable and directly addresses dual-use AI risk.",1636
28,6,Partner with companies to share threat intelligence,Center for Security and Emerging Technology,Think Tank,8.05,8.5,8.0,8.0,7.5,"Specific, actionable proposal for government-company threat intelligence sharing, including clear agency roles. Strong evidence base and high relevance to IAPS's focus on AI security and information sharing.",4280
29,9,Standardize federal AI procurement processes and guidelines,Bipartisan Policy Center,Think Tank,8.025,8.5,8.0,7.5,8.0,"Standardizes federal AI procurement with clear guidelines, benchmarks, and accountability. Directly addresses a known implementation barrier and aligns with IAPS governance focus.",3676
30,7,Cooperate with allies on export control strategy,Center for Security and Emerging Technology,Think Tank,7.95,8.5,8.0,8.0,7.0,"Directly advances IAPS's international coordination and export control priorities. Specific recommendations (joint strategy, communication, avoid FDPR overuse). Evidence-based, realistic about multilateral constraints.",2754
31,7,Identify Critical AI Technologies for Export Control,"Advanced Robotics for Manufacturing
  Institute",Think Tank,7.925,8.5,8.0,7.5,7.5,"Directly addresses export controls and national security, with a concrete call to identify critical AI technologies. Implementation path is clear and highly relevant.",2005
32,10,Institute clear documentation and transparency requirements for government AI,Bipartisan Policy Center,Think Tank,7.925,8.5,8.0,7.5,7.5,"Requires clear documentation and transparency for government AI, especially in high-impact applications. Actionable, measurable, and directly advances IAPS transparency and governance priorities.",3768
33,7,Fund research on AI evaluation science,Center for Security and Emerging Technology,Think Tank,7.825,8.5,8.0,7.5,7.0,"Concrete recommendation for federal research funding into AI evaluation science, especially for agentic systems. Directly advances IAPS's research priorities with clear implementation path.",4141
34,8,National AI Cyber Shield,Alvarez & Marshall Federal LLC,Industry (Other),7.825,8.5,8.0,7.5,7.0,"Specific, actionable plan for a National AI Cyber Shield, including agency leadership, operational details, and incentives. Strong alignment with IAPS's national security and AI governance focus.",3992
35,4,Lead International AI Safety Institute Network,Information Technology Industry Council,Industry Association,7.824999999999999,9.0,7.5,7.0,7.5,Directly targets IAPS priority of international AI safety institute coordination. Specific recommendation to retain US leadership in the global AI safety network. Actionable and timely given current international efforts.,538
36,8,Establish whistleblower protections for AI company employees,Center for Security and Emerging Technology,Think Tank,7.775,8.0,8.0,7.5,7.5,"Whistleblower protections for AI company employees is actionable, addresses real gaps in governance, and supports accountability in high-risk AI development.",1602
37,9,Empower OSD to set AI security standards for military,Center for Security and Emerging Technology,Think Tank,7.775,8.0,8.0,7.5,7.5,"Empowering OSD to set AI security standards is a concrete, actionable step to reduce duplication and improve security. Directly relevant to IAPS's focus on national security AI governance.",1269
38,11,Training Data Security,Alvarez & Marshall Federal LLC,Industry (Other),7.775,8.0,8.0,7.5,7.5,"Training data security standards (NIST-led) with specific controls for poisoning, diversity, and sharing. Concrete, actionable, and addresses a real risk area for AI safety.",3374
39,5,Support AI and Computing at DOE,Federation of American Scientists,Think Tank,7.7,8.5,7.5,7.5,7.0,"Proposes a dedicated AI and Computing Lab at DOE, advancing IAPS's focus on compute governance and national security. Clear implementation path, leverages existing DOE strengths, and addresses strategic needs.",1027
40,6,AI Compute Access Program,Alvarez & Marshall Federal LLC,Industry (Other),7.7,8.5,8.0,7.0,7.0,"Democratizing compute access is a core IAPS concern. Proposes specific mechanisms (credit system, merit-based applications, public-private partnerships). Implementation path is clear (NSF). Evidence-based, addresses real gaps.",2238
41,8,Calibrate AI Export Controls,Wahba Institute for Strategic Competition,Think Tank,7.7,8.5,7.5,7.5,7.0,"Addresses IAPS's focus on calibrated export controls and international strategy. Proposes balancing security and competitiveness, with concrete mechanisms. Evidence-based, politically realistic.",2763
42,12,Real-World AI Testing Framework,Alvarez & Marshall Federal LLC,Industry (Other),7.675000000000001,8.0,8.0,7.5,7.0,"Establishes real-world AI testing frameworks with NIST leadership, clear criteria, and staged deployment. Highly actionable and aligned with IAPS focus on robust evaluation.",3631
43,9,Safe Harbor for AI Researchers,Federation of American Scientists,Think Tank,7.675000000000001,8.0,8.0,7.5,7.0,Addresses a real gap in legal protection for independent AI safety research. Specific recommendations for OMB guidance and procurement requirements. Strong evidence base and actionable within current frameworks.,4630
44,10,Implement Strategic Export Control Measures for AI,"CGI Federal, Inc.",Industry (Other),7.65,8.0,8.0,7.0,7.5,"Robust export licensing system for AI tech is highly aligned with IAPS's export control priorities. Proposes monitoring and enforcement mechanisms, though details could be stronger.",1905
45,11,Build an integrated biosecurity ecosystem,Center for Security and Emerging Technology,Think Tank,7.65,8.0,7.5,7.5,7.5,Integrating AI into biosecurity ecosystem is evidence-based and recognizes real-world limitations of AI-only controls. Actionable and fills a governance gap.,1526
46,6,Expand the National AI Research Resource,Federation of American Scientists,Think Tank,7.575,8.5,7.5,7.0,7.0,"Expanding NAIRR is highly aligned with IAPS's compute access and research resource priorities. Concrete, actionable, and addresses a documented gap. Politically feasible with bipartisan support.",378
47,10,Strengthen the Role of the US AI Safety Institute,Wahba Institute for Strategic Competition,Think Tank,7.575,8.5,7.5,7.0,7.0,"Strengthening AISI is directly in line with IAPS's AI safety institute priorities. Proposes independent risk assessments, public-private coordination. Implementation is feasible via NIST.",2385
48,12,Expand open-source intelligence gathering on AI,Center for Security and Emerging Technology,Think Tank,7.550000000000001,8.0,7.5,7.5,7.0,"Expanding OSINT on AI is a concrete, underdeveloped area in government. Actionable, fills a real intelligence gap, and supports IAPS's evidence-based approach.",1639
49,13,Fortify AI Trust and Security for National Security,HPE,Industry (Other),7.550000000000001,8.0,7.5,7.5,7.0,"Recommends rigorous threat testing and red-teaming for dual-use AI, leveraging USG expertise. Directly supports IAPS national security and AI safety priorities.",3453
50,10,Empower NIST to develop voluntary AI standards and certification programs,Bipartisan Policy Center,Think Tank,7.550000000000001,8.0,8.0,7.0,7.0,"Empowering NIST to develop voluntary AI standards and certification is specific, actionable, and aligns with IAPS's focus on standards and governance. Realistic within current agency authorities.",4252
51,7,National AI Compute Infrastructure Initiative,Alvarez & Marshall Federal LLC,Industry (Other),7.45,8.5,7.0,7.0,7.0,"Comprehensive proposal for domestic AI compute infrastructure, including funding, tax incentives, and strategic zones. Directly advances IAPS compute governance priorities. Specific mechanisms, though implementation complexity is high.",716
52,13,National AI Security Framework,Alvarez & Marshall Federal LLC,Industry (Other),7.425000000000001,8.0,7.5,7.0,7.0,"Comprehensive AI security framework for critical infrastructure is highly aligned with IAPS priorities. Concrete phased implementation, though some elements may face political resistance.",1755
53,14,Define Global AI Safety Standards,Wahba Institute for Strategic Competition,Think Tank,7.425000000000001,8.0,7.5,7.0,7.0,"Defines US-led global AI safety standards, leveraging existing initiatives (AISIC, INASI). Actionable, aligns with IAPS's international governance focus.",1465
54,9,Develop a Balanced Approach to Export Controls,"CGI Federal, Inc.",Industry (Other),7.425000000000001,8.0,7.5,7.0,7.0,"Export controls are a core IAPS concern. Proposes balanced, actionable approach with international collaboration. Somewhat general but implementation path is plausible.",2627
55,11,Establish Government Authority to Temporarily Suspend Unsafe AI Systems,Wahba Institute for Strategic Competition,Think Tank,7.425000000000001,8.0,7.5,7.0,7.0,"Concrete, actionable mechanism for government intervention in unsafe AI systems. Directly addresses IAPS's national security and governance priorities. Implementation is plausible (modeled on NHTSA recalls).",2219
56,14,Establish a National AI Cybersecurity Task Force,"CGI Federal, Inc.",Industry (Other),7.425000000000001,8.0,7.5,7.0,7.0,"National AI cybersecurity task force with cross-sector collaboration. Actionable, addresses real threats, and aligns with IAPS security focus.",3612
57,15,Maintain NIST AI Safety Institute Functions,Information Technology Industry Council,Industry Association,7.425000000000001,8.0,7.5,7.0,7.0,"Maintains NIST AI Safety Institute functions, focusing on dual-use and national security risks. Actionable, evidence-based, and directly aligned with IAPS priorities.",3323
58,16,Establish public-private test beds for AI-driven electric grid solutions,Bipartisan Policy Center,Think Tank,7.425000000000001,8.0,7.5,7.0,7.0,"Establishes public-private test beds for AI-driven grid solutions (DOE/industry), de-risking deployment. Specific, actionable, and addresses critical infrastructure resilience.",3637
59,17,Secure Data for AI Research,Wahba Institute for Strategic Competition,Think Tank,7.425000000000001,8.0,7.5,7.0,7.0,"Secures data for AI research, restricts strategic datasets from adversaries. Actionable, evidence-based, and directly targets IAPS compute/data governance priorities.",3159
60,11,Share AI intelligence with allies,Center for Security and Emerging Technology,Think Tank,7.425000000000001,8.0,7.5,7.0,7.0,Concrete recommendation for allied intelligence sharing on AI capabilities. Directly supports IAPS's international governance and information sharing priorities.,4467
61,8,Encourage risk-based governance practices in the private sector,Amazon,Frontier Developer,7.300000000000001,8.0,7.0,7.0,7.0,"Encourages risk-based governance and public-private collaboration for advanced AI model evaluation. Aligns with IAPS's focus on dual-use risk and governance. Specific, actionable, and feasible.",400
62,12,Develop standardized metrics for data centers,Bipartisan Policy Center,Think Tank,7.275,7.5,7.5,7.0,7.0,"Standardized metrics for data center efficiency are actionable, measurable, and support IAPS's compute governance focus. Leverages NIST and DOE, with clear implementation path.",54
63,12,Create standard pathways to contest AI results,Center for Security and Emerging Technology,Think Tank,7.275,7.5,7.5,7.0,7.0,"Specific, actionable proposal for contesting AI decisions, which supports AI governance and accountability. Implementation path is plausible, evidence-based (citizen reporting as error detection).",2017
64,13,Synchronize baseline AI standards across federal agencies,Center for Security and Emerging Technology,Think Tank,7.275,7.5,7.5,7.0,7.0,Synchronizing AI standards across agencies is highly actionable and addresses real regulatory fragmentation. Directly advances IAPS's governance and standards priorities.,2493
65,18,Cut red tape and make the immigration process more efficient,Center for Security and Emerging Technology,Think Tank,7.275,7.5,7.5,7.0,7.0,"Streamlines immigration for AI talent via Schedule A and special handling. Specific, actionable, and addresses real bottlenecks for U.S. AI competitiveness.",3318
66,12,Improve AI Security Techniques,Information Technology Industry Council,Industry Association,7.275,7.5,7.5,7.0,7.0,"Specific recommendations for secure-by-design AI, cryptography, and threat detection. While somewhat industry-driven, aligns with IAPS's AI security priorities and is actionable.",3847
67,13,Streamline AI Procurement for Government Use,Federation of American Scientists,Think Tank,7.275,7.5,7.5,7.0,7.0,"Concrete, actionable recommendation for a GSA-led digital platform to streamline AI procurement. Addresses real government implementation gap and supports IAPS's governance focus.",4707
68,9,Enhance AI Model Security & Oversight,Wahba Institute for Strategic Competition,Think Tank,7.2,8.0,7.0,7.0,6.5,"Addresses open/closed model security, proposes concrete safeguards and restrictions for national security. Highly relevant to IAPS's dual-use and governance focus. Somewhat less clear on implementation, but strong alignment.",889
69,14,Sovereign AI Model Development,Alvarez & Marshall Federal LLC,Industry (Other),7.2,8.0,7.0,7.0,6.5,"Sovereign AI model development is highly aligned with IAPS's national security and governance priorities. Proposes specific mechanisms (consortium, secure testing). Implementation is plausible but requires coordination.",2578
70,10,Maintain AI Infrastructure Sovereignty,Wahba Institute for Strategic Competition,Think Tank,7.175000000000001,8.0,7.0,6.5,7.0,"Focuses on domestic AI infrastructure sovereignty and public-private partnerships, a core IAPS concern. Specific mechanisms for compute and data access. Politically viable and addresses a real gap.",863
71,11,Prioritize Incentives for AI Chips Manufacturing and Design,Information Technology Industry Council,Industry Association,7.175000000000001,8.0,7.0,6.5,7.0,"Prioritizes domestic AI chip manufacturing and design, directly supporting IAPS's compute governance and national security priorities. Specific incentives and policy mechanisms.",438
72,13,Codify the National AI Research Resource,Information Technology Industry Council,Industry Association,7.175000000000001,8.0,7.0,6.5,7.0,Codifying NAIRR advances IAPS's compute governance and research access priorities. Specific legislative recommendation with bipartisan support.,1061
73,15,Incentivize multiple approaches to frontier AI research,Center for Security and Emerging Technology,Think Tank,7.15,7.5,7.0,7.0,7.0,"Incentivizing alternative approaches to frontier AI research is specific, evidence-based, and addresses US-China competition. Implementation path is plausible.",1355
74,16,Federal AI Center of Excellence for State and Local Governments,Federation of American Scientists,Think Tank,7.15,7.5,7.0,7.0,7.0,"Federal AI Center of Excellence for SLTT governments is actionable, addresses a real gap in AI governance capacity, and is politically feasible.",1070
75,19,AI Corps Pilot at HHS,Federation of American Scientists,Think Tank,7.15,7.5,7.0,7.0,7.0,"AI Corps pilot at HHS, modeled on DHS precedent, embeds technical talent to accelerate responsible AI. Actionable, measurable, and scalable.",3749
76,20,Promote AI research and development through public sector funding,Center for Security and Emerging Technology,Think Tank,7.15,7.5,7.0,7.0,7.0,"Sustained public sector AI R&D funding, including open data and metrics. Actionable and directly supports IAPS research and governance priorities.",3427
77,21,Establish a Four-Pillar R&D Program,HPE,Industry (Other),7.15,7.5,7.0,7.0,7.0,"Four-pillar R&D program (data, compute, models, application) for national security/science. Specific, actionable, and aligned with IAPS research focus.",3293
78,14,Catalyze Federal Data Sharing through Privacy Enhancing Technologies,Federation of American Scientists,Think Tank,7.15,7.5,7.0,7.0,7.0,"Specific proposal for PETs adoption in federal data sharing, with clear agency roles and reporting mechanisms. Supports IAPS's interest in secure data governance.",3893
79,17,National AI Testbed Network,Alvarez & Marshall Federal LLC,Industry (Other),7.05,7.5,7.0,7.0,6.5,"National AI Testbed Network is concrete, with sector-specific sandboxes and regulatory safe harbors. Implementation is ambitious but plausible.",1162
80,15,National Digital Content Authentication Technologies Research Ecosystem,Federation of American Scientists,Think Tank,7.05,7.5,7.0,7.0,6.5,"Addresses real risks from synthetic content. Proposes concrete research ecosystem, national database, and prize competitions. Implementation via NIST is feasible.",2280
81,16,Secure Third Party Commercial Data for AI through FedRAMP Authorization,Federation of American Scientists,Think Tank,7.05,7.5,7.0,7.0,6.5,"Securing third-party data for AI is a concrete, actionable proposal with clear implementation path (FedRAMP/OMB). Addresses real national security risks.",2853
82,17,Prioritize adoption of domestic AI models for national security,Microsoft,Frontier Developer,7.05,7.5,7.0,7.0,6.5,Prioritizing domestic AI models for defense is highly aligned with IAPS's national security focus. Implementation is plausible via existing classified cloud infrastructure.,2259
83,15,National Initiative for AI Explainability,Federation of American Scientists,Think Tank,7.05,7.5,7.0,7.0,6.5,National initiative for AI explainability is well-aligned with IAPS's focus on AI assurance and transparency. Cites DARPA precedent and proposes concrete public-private partnership.,4683
84,17,Enhance U.S. national security through targeted AI talent recruitment,Center for Security and Emerging Technology,Think Tank,7.05,7.5,7.0,7.0,6.5,"Targeted AI talent recruitment for national security is specific, evidence-based, and directly advances IAPS's focus on U.S. competitiveness and security.",4029
85,22,Form a National AI Hardware Consortium,"CGI Federal, Inc.",Industry (Other),7.025,7.5,7.0,6.5,7.0,"National AI hardware consortium with incentives for domestic chip manufacturing. Actionable, addresses compute governance, and supports U.S. competitiveness.",3420
86,23,Increased Investment in AI Chip Manufacturing,HPE,Industry (Other),7.025,7.5,7.0,6.5,7.0,"Increase investment in AI chip manufacturing and domestic semiconductor leadership. Actionable, addresses compute governance, and supports national security.",3569
87,24,Implement Domestic Manufacturing Incentives for AI Hardware,"CGI Federal, Inc.",Industry (Other),7.025,7.5,7.0,6.5,7.0,"Domestic manufacturing incentives for AI hardware (tax, grants, subsidies). Actionable and aligned with IAPS compute governance priorities.",3538
88,25,Support the National Artificial Intelligence Research Resource (NAIRR),Amazon,Frontier Developer,7.025,7.5,7.0,6.5,7.0,"Supports NAIRR for academic/government AI research. Actionable, addresses compute/data access, and supports U.S. AI competitiveness.",3044
89,26,Prepare for AI-based attacks on critical infrastructure,Microsoft,Frontier Developer,7.025,7.5,7.0,6.5,7.0,"Prepares for AI-based attacks on critical infrastructure, recommends red-teaming and resilience. Actionable, evidence-based, and aligned with IAPS national security focus.",2899
90,18,Support existing DOE programs that are training the national AI workforce,Bipartisan Policy Center,Think Tank,7.0,7.0,7.0,7.0,7.0,"Supports existing DOE AI workforce programs—concrete, evidence-based, and politically viable. Directly advances national competitiveness.",1634
91,14,AI-Driven Critical Infrastructure Protection,Alvarez & Marshall Federal LLC,Industry (Other),6.925,7.5,7.0,6.5,6.5,"AI-driven critical infrastructure protection is highly relevant to IAPS's national security focus. Specific recommendations for anomaly detection, predictive maintenance, and autonomous restoration. Implementation is complex but feasible.",844
92,15,Modernize Department of Defense AI Policies,Wahba Institute for Strategic Competition,Think Tank,6.925,7.5,7.0,6.5,6.5,"Modernizing DoD AI policies for human oversight and escalation control aligns with IAPS's national security and governance priorities. Specific recommendations for modeling, simulation, and oversight.",475
93,16,Promote rapid AI procurement across the federal government,Anthropic,Frontier Developer,6.925,7.5,7.0,6.5,6.5,"Ambitious but actionable proposal for rapid, systematic AI adoption in government operations. Addresses real productivity and implementation gaps, though feasibility at scale is challenging.",4720
94,18,Improve security of U.S. frontier AI laboratories,Anthropic,Frontier Developer,6.925,7.5,7.0,6.5,6.5,Duplicate of earlier ranking; see above.,4739
95,19,AI-Ready Collaborative Datasets for Life Sciences,Federation of American Scientists,Think Tank,6.8999999999999995,7.0,7.0,7.0,6.5,"Government-funded collaborative datasets for life sciences is actionable, addresses a real bottleneck, and could be extended to other sectors.",1842
96,19,Establish Strategic Stability Agreements for Military AI,Wahba Institute for Strategic Competition,Think Tank,6.8999999999999995,7.0,7.0,7.0,6.5,"Strategic stability agreements for military AI are highly relevant to IAPS's international governance and national security focus. Concrete, though politically challenging.",3995
97,27,Expand AI R&D for real-time electric grid management,Bipartisan Policy Center,Think Tank,6.875,7.0,7.0,6.5,7.0,"Expands AI R&D for real-time electric grid management (DOE). Actionable, measurable, and addresses critical infrastructure resilience.",3282
98,16,Promote open AI models,Center for Security and Emerging Technology,Think Tank,6.8,7.5,6.5,6.5,6.5,"Supports open AI models with clear risk thresholds, balancing innovation and security. Aligns with IAPS's nuanced approach to open/closed models and dual-use risk.",657
99,17,Invest in AI Hardware Development,"CGI Federal, Inc.",Industry (Other),6.8,7.5,6.5,6.5,6.5,"Investing in AI hardware and chip manufacturing is core to IAPS's compute governance and national security priorities. Specific mechanisms (consortium, incentives) are actionable.",505
100,18,National AI Compute Infrastructure Initiative,Alvarez & Marshall Federal LLC,Industry (Other),6.8,7.5,6.5,6.5,6.5,National AI compute infrastructure proposal is comprehensive and directly aligned with IAPS's strategic priorities. Implementation complexity is high but mechanisms are concrete.,716
101,20,National Security AI Entrepreneur Visa,Federation of American Scientists,Think Tank,6.7749999999999995,7.0,7.0,6.5,6.5,"National Security AI Entrepreneur Visa is specific, actionable, and addresses a real talent gap in dual-use AI. Political feasibility is moderate.",1751
102,18,Develop Secure AI Models for National Security,HPE,Industry (Other),6.7749999999999995,7.0,7.0,6.5,6.5,"Developing secure AI models for national security is aligned with IAPS priorities. Somewhat general, but actionable and feasible within defense agencies.",2172
103,19,Develop AI-Enhanced Warfighter Design and Manufacturing,"Advanced Robotics for Manufacturing
  Institute",Think Tank,6.7749999999999995,7.0,7.0,6.5,6.5,"Investment in AI-enabled warfighter design is aligned with IAPS's national security and innovation priorities. Actionable, with clear R&D/testing path.",2703
104,20,Create National AI and Digital Integration Plan for Defense,"Advanced Robotics for Manufacturing
  Institute",Think Tank,6.7749999999999995,7.0,7.0,6.5,6.5,"National AI and digital integration plan for defense is well-aligned with IAPS's strategic interests. Actionable, though somewhat high-level.",2595
105,20,National Open-Source AI Initiative,Alvarez & Marshall Federal LLC,Industry (Other),6.7749999999999995,7.0,7.0,6.5,6.5,"Specific, actionable proposal for government-backed open-source AI models with security certification. Strong alignment with IAPS's compute governance and security priorities.",4043
106,21,Secure and scale up U.S. energy supply for AI,Anthropic,Frontier Developer,6.7749999999999995,7.0,7.0,6.5,6.5,"Concrete national target for scaling up U.S. energy supply for AI. Directly addresses compute infrastructure constraints, a key IAPS concern.",4216
107,22,Advance energy policies for AI infrastructure,Google,Frontier Developer,6.7749999999999995,7.0,7.0,6.5,6.5,Specific recommendations for energy policy to support AI infrastructure. Strong evidence base and clear implementation path.,4079
108,23,Support federal preemption of state AI laws,Google,Frontier Developer,6.7749999999999995,7.0,7.0,6.5,6.5,"Federal preemption of state AI laws is specific, actionable, and addresses a real risk of regulatory fragmentation. Politically contentious but highly relevant to IAPS's governance focus.",4511
109,28,Promote U.S.-friendly AI norms in international organizations,Microsoft,Frontier Developer,6.75,7.0,6.5,6.5,7.0,"Promotes U.S.-friendly AI norms in international organizations, opposes adversarial narratives. Actionable, aligns with IAPS international governance focus.",3154
110,29,Establish differentiated ecosystem obligations,Google,Frontier Developer,6.75,7.0,6.5,6.5,7.0,"Differentiated ecosystem obligations for AI actors, clarifying roles/liabilities. Actionable, addresses a real gap in AI governance.",3652
111,30,Emphasize sector-specific and risk-based AI governance,Google,Frontier Developer,6.75,7.0,6.5,6.5,7.0,"Emphasizes sector-specific, risk-based AI governance and alignment with technical standards. Actionable, evidence-based, and aligned with IAPS priorities.",3581
112,31,Balance disclosure requirements,Google,Frontier Developer,6.75,7.0,6.5,6.5,7.0,"Balanced disclosure requirements, supports model cards/technical reports, opposes overbroad mandates. Actionable, addresses real-world concerns.",3661
113,32,Prioritize Cybersecurity in Federal AI Procurement,Information Technology Industry Council,Industry Association,6.75,7.0,6.5,6.5,7.0,"Prioritizes cybersecurity in federal AI procurement, recommends contractual terms for security. Actionable and addresses real risks.",3091
114,33,Invest in AI Risk Measurement Research,Information Technology Industry Council,Industry Association,6.75,7.0,6.5,6.5,7.0,"Invests in AI risk measurement research, addressing a real gap in risk assessment. Actionable and aligned with IAPS priorities.",3399
115,34,Develop a Federal AI Initiative,HPE,Industry (Other),6.75,7.0,6.5,6.5,7.0,"Federal AI initiative with public-private partnerships, strategic coordination, and secure classified models. Actionable and supports IAPS priorities.",3023
116,20,Data-Sharing Standards for AI in Healthcare,Federation of American Scientists,Think Tank,6.675,7.0,7.0,6.5,6.0,"Data-sharing standards for AI in healthcare are actionable, evidence-based, and leverage NIST. Aligns with IAPS's standards and governance focus.",278
117,19,Adopt balanced export control policies,Google,Frontier Developer,6.6499999999999995,7.0,6.5,6.5,6.5,"Balanced export control policies are a core IAPS concern. While the proposal is somewhat self-serving, it acknowledges national security and economic competitiveness tradeoffs and calls for detailed analysis.",326
118,21,Establish a National AI Governance Body,"CGI Federal, Inc.",Industry (Other),6.6499999999999995,7.0,6.5,6.5,6.5,"National AI governance body is aligned with IAPS's governance focus. Somewhat vague on operational details, but the core is actionable.",1593
119,22,Reform AI Procurement to Include Smaller Vendors,INCOMPAS,Industry Association,6.6499999999999995,7.0,6.5,6.5,6.5,Procurement reform for smaller AI vendors is actionable and addresses a real market failure. Implementation is plausible.,1924
120,23,Centralize DOE AI strategy and execution,Bipartisan Policy Center,Think Tank,6.6499999999999995,7.0,6.5,6.5,6.5,"Centralizing DOE AI strategy is actionable, avoids duplication, and is politically feasible. Directly relevant to national security and governance.",1603
121,24,Advance AI chip technology and data center efficiency,Bipartisan Policy Center,Think Tank,6.6499999999999995,7.0,6.5,6.5,6.5,"Directs DOE to advance AI chip and data center efficiency. Actionable, relevant to compute governance and infrastructure.",1860
122,25,Promote AI-enhanced scientific progress with focus on AIxBio,Center for Security and Emerging Technology,Think Tank,6.6499999999999995,7.0,6.5,6.5,6.5,"AIxBio proposal is specific, actionable, and addresses a real competitive battleground. Implementation path is plausible.",1631
123,21,Ensure AI Innovation Aligns with National Security,Wahba Institute for Strategic Competition,Think Tank,6.6499999999999995,7.0,6.5,6.5,6.5,"Ensuring AI innovation aligns with national security is highly relevant. Somewhat general, but actionable through partnership vetting.",2589
124,22,Invest in AI Research and Development for Defense Applications,"CGI Federal, Inc.",Industry (Other),6.6499999999999995,7.0,6.5,6.5,6.5,"Investing in AI R&D for defense is aligned with IAPS priorities. Includes actionable elements (autonomous systems, cybersecurity), though ethical guidelines are vague.",2093
125,24,Support the CREATE AI Act,Microsoft,Frontier Developer,6.6499999999999995,7.0,6.5,6.5,6.5,Supporting the CREATE AI Act is a concrete legislative recommendation with clear implementation path and strong alignment to IAPS's research infrastructure priorities.,4659
126,25,Preserve the AI Use Case Inventory,Federation of American Scientists,Think Tank,6.6499999999999995,7.0,6.5,6.5,6.5,"Preserving the AI Use Case Inventory is a specific, actionable recommendation to maintain transparency and accountability in federal AI use. Strong alignment with IAPS's governance focus.",4716
127,23,Streamline key infrastructure buildout support for AI Energy Zones,Bipartisan Policy Center,Think Tank,6.625,6.5,7.0,6.5,6.5,Streamlining infrastructure buildout for AI energy zones is actionable and addresses real constraints. Aligned with IAPS's focus on compute infrastructure.,2250
128,26,Secure AI Supply Chain,Wahba Institute for Strategic Competition,Think Tank,6.55,7.0,6.5,6.5,6.0,"Securing AI supply chain is highly relevant, though details are somewhat generic. Actionable and aligned with national security.",1795
129,27,National AI Research Infrastructure,Alvarez & Marshall Federal LLC,Industry (Other),6.55,7.0,6.5,6.5,6.0,"National AI Research Infrastructure with compute consortium is actionable, addresses a real bottleneck, and is aligned with IAPS compute governance.",1114
130,21,Engage in international AI governance efforts,Microsoft,Frontier Developer,6.5249999999999995,7.0,6.5,6.0,6.5,"Engagement in international AI governance (e.g., G7 Hiroshima Process) is directly relevant to IAPS's international coordination focus. Actionable, but somewhat generic.",359
131,22,Promote low-carbon power procurement for data centers,Bipartisan Policy Center,Think Tank,6.5249999999999995,7.0,6.5,6.0,6.5,"Promoting low-carbon power procurement for data centers is specific, actionable, and supports AI infrastructure resilience—a secondary IAPS concern.",551
132,23,Enable AI to bolster national security and defense,Amazon,Frontier Developer,6.5249999999999995,7.0,6.5,6.0,6.5,"Enabling AI for national security and defense is highly aligned with IAPS priorities, but the proposal is partly self-serving (Amazon cloud). Still, it is specific and actionable.",412
133,24,Attract and retain foreign-born AI talent,Bipartisan Policy Center,Think Tank,6.5249999999999995,7.0,6.5,6.0,6.5,Attracting and retaining foreign-born AI talent is critical for US competitiveness and aligns with IAPS's strategic focus. Specific mechanism (Schedule A update) is actionable.,495
134,24,Support long-term AI R&D programs that fill private sector gaps,Bipartisan Policy Center,Think Tank,6.5,6.5,6.5,6.5,6.5,"Long-term AI R&D for public sector gaps is aligned with IAPS's innovation and competitiveness priorities. Actionable, though somewhat general.",2079
135,26,Support a national open data campaign,Microsoft,Frontier Developer,6.5,6.5,6.5,6.5,6.5,"National open data campaign is actionable and supports IAPS's interest in data governance and innovation, though less directly tied to national security.",4232
136,35,Adopt Liquid Cooling Technologies,HPE,Industry (Other),6.4750000000000005,6.5,6.5,6.0,7.0,"Encourages adoption of liquid cooling for AI infrastructure. Actionable and supports compute governance, but less central to IAPS mission.",3621
137,36,Grow Investment in Leadership Class Supercomputers,HPE,Industry (Other),6.4750000000000005,6.5,6.5,6.0,7.0,"Grow investment in leadership class supercomputers. Actionable and supports compute governance, but less specific.",3285
138,27,Develop AI Risk Mitigation Services for Manufacturing,"Advanced Robotics for Manufacturing
  Institute",Think Tank,6.4,6.5,6.5,6.5,6.0,"AI risk mitigation services for manufacturing are specific and actionable, with a clear implementation path via public-private partnerships. Strong evidence base.",4585
139,28,Increase AI R&D spending,Microsoft,Frontier Developer,6.3999999999999995,7.0,6.0,6.0,6.5,"Increase AI R&D spending is specific, actionable, and politically viable, though lacks detailed implementation mechanisms.",1788
140,37,Expand High-Performance Computing Investments for AI,HPE,Industry (Other),6.3500000000000005,6.5,6.0,6.0,7.0,"Expands HPC investments for DoD AI research. Actionable, evidence-based, but somewhat generic.",2908
141,38,Create a Federated Data Infrastructure,HPE,Industry (Other),6.3500000000000005,6.5,6.0,6.0,7.0,"Federated data infrastructure for AI research. Actionable, but implementation details are vague.",3254
142,39,Develop AI-Enhanced Robotic Testing Environment,"Advanced Robotics for Manufacturing
  Institute",Think Tank,6.3500000000000005,6.5,6.0,6.0,7.0,"AI-enhanced robotic testing environment, leveraging data repositories. Actionable, but sector-specific.",3480
143,40,Develop Physically Realistic Intelligent Simulations and Models (PRISM),"Advanced Robotics for Manufacturing
  Institute",Think Tank,6.3500000000000005,6.5,6.0,6.0,7.0,"Invests in physically realistic intelligent simulations for manufacturing AI. Actionable, but niche.",3063
144,41,Leverage DOE national laboratory partnerships,Bipartisan Policy Center,Think Tank,6.3500000000000005,6.5,6.0,6.0,7.0,"Leverages DOE national lab partnerships for AI. Actionable, but lacks specificity.",2974
145,42,Standardize federal AI procurement processes and guidelines,Bipartisan Policy Center,Think Tank,6.3500000000000005,6.5,6.0,6.0,7.0,"Standardizes federal AI procurement, but overlaps with other procurement-focused proposals.",3676
146,25,Advance AI applications under DOE's broad mission space,Bipartisan Policy Center,Think Tank,6.3,7.0,6.0,6.0,6.0,Advancing AI applications under DOE's mission is aligned with IAPS's focus on public-sector AI and national security. Somewhat broad but leverages DOE's unique capabilities.,1047
147,28,Invest in Technical Solutions for AI Explainability,HPE,Industry (Other),6.275,6.5,6.5,6.0,6.0,"Investing in technical solutions for explainability and red teaming is actionable and supports IAPS's AI safety priorities, though somewhat generic.",4379
148,29,Promote use of provenance technologies for authentic content,Microsoft,Frontier Developer,6.275,6.5,6.5,6.0,6.0,"Promoting provenance technologies for authentic content is actionable, addresses a real threat, and is feasible. Somewhat narrow in scope.",4582
149,29,Reform Immigration Policies for AI Talent,INCOMPAS,Industry Association,6.25,6.5,6.0,6.0,6.5,"Targeted immigration reform for AI talent is actionable and addresses a real gap, though implementation details are limited.",1957
150,30,Incentivize utility and data center expansion,Bipartisan Policy Center,Think Tank,6.25,6.5,6.0,6.0,6.5,"Incentivizing utility and data center expansion is actionable, addresses infrastructure needs, and is politically plausible.",1835
151,31,Energy Infrastructure Preparation for AI Growth,Federation of American Scientists,Think Tank,6.25,6.5,6.0,6.0,6.5,"Standardized framework for measuring AI energy demand is actionable, addresses a real gap, and is politically feasible.",1092
152,25,Enhanced Computing Infrastructure,HPE,Industry (Other),6.25,6.5,6.0,6.0,6.5,Enhanced computing infrastructure is aligned with IAPS's compute governance focus. Actionable but lacks specifics on implementation.,2323
153,26,Invest in AI-Ready Data Centers,HPE,Industry (Other),6.25,6.5,6.0,6.0,6.5,"Investing in AI-ready data centers is aligned with IAPS priorities. Actionable, but lacks detail on how to ensure alignment with national priorities.",2487
154,26,Promote AI Alignment Research,Wahba Institute for Strategic Competition,Think Tank,6.15,6.5,6.0,6.0,6.0,"Promoting AI alignment research is relevant to IAPS's safety focus. Somewhat generic, but includes specific open-source safety tool initiatives.",324
155,27,Create an AI scholarship-for-service program,Center for Security and Emerging Technology,Think Tank,6.15,6.5,6.0,6.0,6.0,"AI scholarship-for-service program is actionable and supports public-sector AI expertise, a secondary IAPS concern. Specific mechanism (NSF, CyberCorps) is credible.",434
156,28,Expand Public Sector AI Expertise,INCOMPAS,Industry Association,6.15,6.5,6.0,6.0,6.0,"Expanding public-sector AI expertise is important for governance and implementation. Specific programs cited, but overall approach is somewhat generic.",381
157,29,Expand Access to Federal Data,Information Technology Industry Council,Industry Association,6.15,6.5,6.0,6.0,6.0,"Expanding access to federal data supports AI innovation and aligns with IAPS's data governance focus. Somewhat generic, but actionable.",677
158,30,Unlock energy capacity for AI infrastructure,Amazon,Frontier Developer,6.15,6.5,6.0,6.0,6.0,Unlocking energy capacity for AI infrastructure is actionable and addresses a real constraint for AI competitiveness. Somewhat self-serving but specific.,994
159,31,Strengthen Electrical Grid and Streamline Energy Infrastructure Permitting,Information Technology Industry Council,Industry Association,6.15,6.5,6.0,6.0,6.0,"Strengthening the electrical grid and streamlining permitting is actionable and supports AI infrastructure. Somewhat generic, but addresses a real bottleneck.",1026
160,34,Support AI and Computing at DOE,Federation of American Scientists,Think Tank,6.15,6.5,6.0,6.0,6.0,DOE AI and Computing Lab proposal is actionable and leverages DOE's unique strengths. Somewhat duplicative of other proposals but still relevant.,1027
161,32,Lead Open Standards in AI Infrastructure,HPE,Industry (Other),6.15,6.5,6.0,6.0,6.0,"Leading open standards in AI infrastructure is relevant to international governance and technical standards, though somewhat generic.",1851
162,33,Adopt NIST AI RMF Across Federal Agencies,Information Technology Industry Council,Industry Association,6.15,6.5,6.0,6.0,6.0,"Adopting NIST AI RMF across federal agencies is actionable and relevant, though primarily industry-driven and not novel.",1469
163,27,Launch an AI Data Initiative,HPE,Industry (Other),6.15,6.5,6.0,6.0,6.0,"AI Data Initiative is actionable and addresses real data access issues. Somewhat general, but implementation path is plausible.",2744
164,28,Encourage open government data initiatives for AI research,Bipartisan Policy Center,Think Tank,6.15,6.5,6.0,6.0,6.0,"Open government data initiatives for AI research are actionable and address real gaps. Implementation is plausible, but lacks detail.",2592
165,29,Enhance Cybersecurity for Energy Infrastructure,INCOMPAS,Industry Association,6.15,6.5,6.0,6.0,6.0,"Enhancing cybersecurity for energy infrastructure is aligned with IAPS's national security focus. Actionable, but largely continues existing efforts.",2705
166,30,Enhance physical and cybersecurity measures for AI infrastructure,Microsoft,Frontier Developer,6.15,6.5,6.0,6.0,6.0,"Enhancing physical and cybersecurity standards for AI infrastructure is actionable and relevant to IAPS's security focus, but lacks detail.",4109
167,31,Promote secure development practices for AI,Microsoft,Frontier Developer,6.15,6.5,6.0,6.0,6.0,"Promoting secure development practices is actionable and relevant, but somewhat generic and lacking in implementation detail.",4506
168,32,Advance the use of AI for cyber defense,Microsoft,Frontier Developer,6.15,6.5,6.0,6.0,6.0,"Advancing AI for cyber defense is actionable and relevant, but primarily corporate lobbying with limited specificity.",4092
169,33,Focus on emerging AI threats,Microsoft,Frontier Developer,6.15,6.5,6.0,6.0,6.0,"Focus on emerging AI threats is relevant and actionable, but lacks concrete implementation steps beyond general collaboration.",4435
170,34,Build on U.S. AI research leadership via global AI institutes,Microsoft,Frontier Developer,6.15,6.5,6.0,6.0,6.0,"Building on U.S. AI research leadership via global AI institutes is specific and actionable, but somewhat generic and lacking in detail.",4334
171,43,Federal AI Transformation Initiative,Alvarez & Marshall Federal LLC,Industry (Other),6.1,6.0,6.0,6.0,6.5,"Federal AI transformation initiative with funding, roadmaps, and shared services. Actionable, but ambitious and may face bureaucratic resistance.",3425
172,44,AI Workforce Development,Alvarez & Marshall Federal LLC,Industry (Other),6.1,6.0,6.0,6.0,6.5,"AI workforce certification framework, expanded NSF training, and tax incentives. Actionable, but workforce focus is less central to IAPS.",3694
173,35,Develop Federal Preemption for AI Regulation,Information Technology Industry Council,Industry Association,6.050000000000001,6.5,6.0,6.0,5.5,"Federal preemption for AI regulation is actionable and addresses a real policy challenge, but is largely industry-driven and politically contentious.",4502
174,32,Expand Global AI Education & Workforce Training,Wahba Institute for Strategic Competition,Think Tank,6.025,6.5,6.0,5.5,6.0,"Expanding global AI education and workforce training is relevant to US leadership and IAPS's international focus. Somewhat broad, but actionable.",999
175,34,Promote Open Standards to Reduce Lock-in,HPE,Industry (Other),6.0,6.0,6.0,6.0,6.0,"Promoting open standards to reduce lock-in is actionable and relevant, though lacks detail on enforcement and implementation.",1395
176,35,Enhance resilience of AI supply chain,Microsoft,Frontier Developer,6.0,6.0,6.0,6.0,6.0,"Enhancing AI supply chain resilience is relevant to IAPS priorities, though details are generic and implementation path is broad.",1570
177,30,Promote AI innovation in U.S. trade agreements,Microsoft,Frontier Developer,6.0,6.0,6.0,6.0,6.0,"Promoting AI innovation in trade agreements is aligned with IAPS's competitiveness priorities. Actionable, but lacks detail on enforcement.",2670
178,31,Influence International AI Standards,Wahba Institute for Strategic Competition,Think Tank,6.0,6.0,6.0,6.0,6.0,"Influencing international AI standards is aligned with IAPS's global governance focus. Actionable, but somewhat general and aspirational.",2229
179,32,Foster dynamic and competitive AI markets,Center for Security and Emerging Technology,Think Tank,6.0,6.0,6.0,6.0,6.0,"Promoting competitive AI markets is aligned with IAPS's innovation focus. Actionable, but lacks specific mechanisms.",2142
180,33,Support community colleges for AI workforce training,Center for Security and Emerging Technology,Think Tank,6.0,6.0,6.0,6.0,6.0,Supporting community colleges for AI workforce training is actionable and addresses real gaps. Implementation path is clear.,2740
181,34,Provide Targeted Workforce Development Grants,"Advanced Robotics for Manufacturing
  Institute",Think Tank,6.0,6.0,6.0,6.0,6.0,Targeted workforce development grants are actionable and address real workforce needs. Implementation path is clear.,2842
182,35,Develop Federal AI Workforce Capabilities,Information Technology Industry Council,Industry Association,6.0,6.0,6.0,6.0,6.0,Developing federal AI workforce capabilities is actionable and addresses real gaps. Lacks detail on specific mechanisms.,2427
183,36,Accelerate AI Workforce Development for Defense,HPE,Industry (Other),6.0,6.0,6.0,6.0,6.0,Accelerating AI workforce development for defense is actionable and aligned with IAPS priorities. Lacks detail on implementation.,2689
184,37,Fund Research on AI-Driven Cybersecurity Solutions,"CGI Federal, Inc.",Industry (Other),6.0,6.0,6.0,6.0,6.0,Funding research on AI-driven cybersecurity is actionable and aligned with IAPS's security focus. Lacks detail on specific research priorities.,2801
185,38,AI-Driven Materials Discovery at DOE,Federation of American Scientists,Think Tank,6.0,6.0,6.0,6.0,6.0,AI-driven materials discovery at DOE is actionable and aligned with IAPS's innovation focus. Lacks detail on implementation.,2140
186,45,Reauthorize the Workforce Innovation and Opportunity Act,Microsoft,Frontier Developer,5.975,6.0,5.5,6.0,6.5,"Reauthorize WIOA for AI workforce training. Actionable, but generic and not directly IAPS-aligned.",3404
187,46,Implement skills-based hiring in federal government,Microsoft,Frontier Developer,5.975,6.0,5.5,6.0,6.5,"Skills-based hiring in federal government. Actionable, but not central to IAPS mission.",3244
188,33,Support public-private partnerships for AI education,Microsoft,Frontier Developer,5.875,6.0,6.0,5.5,6.0,"Supporting public-private partnerships for AI education is actionable, but broad and somewhat self-serving. Aligns with workforce development, a secondary IAPS concern.",704
189,35,Establish a National AI Research Institute,"CGI Federal, Inc.",Industry (Other),5.875,6.0,6.0,5.5,6.0,National AI Research Institute proposal is actionable and supports US AI leadership. Somewhat generic and risks duplicating existing efforts.,828
190,36,Incentivize Domestic Manufacturing,"Advanced Robotics for Manufacturing
  Institute",Think Tank,5.875,6.0,6.0,5.5,6.0,Incentivizing domestic manufacturing is actionable and supports US competitiveness. Somewhat generic and lacks detail on implementation.,961
191,36,AI Infrastructure Investments and Regulatory Reforms,OpenAI,Frontier Developer,5.875,6.0,6.0,5.5,6.0,"AI infrastructure investment strategy is relevant and actionable, but proposal is broad and somewhat self-serving.",1311
192,37,Champion market-driven technical standards internationally,Google,Frontier Developer,5.875,6.0,6.0,5.5,6.0,"Championing market-driven technical standards is relevant, but proposal is industry-centric and lacks enforcement mechanisms.",1360
193,38,Strategic AI Research Program,Alvarez & Marshall Federal LLC,Industry (Other),5.875,6.0,6.0,5.5,6.0,"Strategic AI research program is actionable and relevant, but scale and implementation details are ambitious and somewhat vague.",1304
194,39,Properly staff and fund NIST,Microsoft,Frontier Developer,5.875,6.0,5.5,6.0,6.0,Properly staffing and funding NIST is actionable and supports IAPS's standards priorities. Lacks detail on specific outcomes.,2475
195,47,Promote Open-Source AI Education and Training,"CGI Federal, Inc.",Industry (Other),5.85,6.0,5.5,5.5,6.5,"Promotes open-source AI education/training. Actionable, but lacks specificity and not IAPS core.",3093
196,48,Promote Lifelong Learning and Continuous Education in AI,"CGI Federal, Inc.",Industry (Other),5.85,6.0,5.5,5.5,6.5,"Lifelong learning/continuous AI education. Actionable, but generic and not IAPS core.",3622
197,49,Promote AI Education and Workforce Development,"CGI Federal, Inc.",Industry (Other),5.85,6.0,5.5,5.5,6.5,"AI education/workforce development programs. Actionable, but generic and not IAPS core.",3227
198,50,Allocate Funding for AI Research,"CGI Federal, Inc.",Industry (Other),5.85,6.0,5.5,5.5,6.5,"Funding for AI research, interdisciplinary focus. Actionable, but generic and not IAPS core.",3461
199,37,Strategic AI Economic Zones,Alvarez & Marshall Federal LLC,Industry (Other),5.775,6.0,6.0,5.5,5.5,"Strategic AI Economic Zones are actionable and support national security, but implementation is complex and risks being a corporate subsidy.",506
200,39,Mission-Critical AI Applications,Alvarez & Marshall Federal LLC,Industry (Other),5.775,6.0,6.0,5.5,5.5,"Mission-critical AI applications are actionable and measurable, but the proposal is broad and risks being a tech vendor wish list.",1024
201,36,Strengthen IP Protections for AI Technologies,"CGI Federal, Inc.",Industry (Other),5.775,6.0,6.0,5.5,5.5,"Strengthening IP protections for AI is specific and actionable, but largely corporate wish-list and less relevant to IAPS's core priorities.",4551
202,37,Copyright Strategy to Preserve Fair Use for AI Training,OpenAI,Frontier Developer,5.775,6.0,6.0,5.5,5.5,"Copyright strategy to preserve fair use for AI training is specific and actionable, but primarily serves corporate interests and is less aligned with IAPS's strategic focus.",4081
203,38,Develop AI Assistants for Manufacturing Operations Design,"Advanced Robotics for Manufacturing
  Institute",Think Tank,5.775,6.0,6.0,5.5,5.5,"Developing AI assistants for manufacturing operations is actionable and specific, but narrow in scope and less relevant to IAPS's national security or governance priorities.",4609
204,39,Create Trusted Data Repository for Manufacturing AI,"Advanced Robotics for Manufacturing
  Institute",Think Tank,5.775,6.0,6.0,5.5,5.5,"Trusted data repository for manufacturing AI is actionable and specific, but narrow in sector focus and less aligned with IAPS's strategic interests.",4046
205,39,Provide Access to High-Performance Compute Power,Wahba Institute for Strategic Competition,Think Tank,5.75,6.0,5.5,5.5,6.0,"Access to high-performance compute power is relevant, but proposal is broad and lacks specific implementation mechanisms.",1621
206,38,Next-Generation Computing Research,Alvarez & Marshall Federal LLC,Industry (Other),5.65,6.0,5.5,5.5,5.5,Next-generation computing research is relevant to IAPS priorities but is broad and risks being a moonshot with uncertain ROI.,659
207,40,Coordinate federal AI research agendas across agencies,Bipartisan Policy Center,Think Tank,5.65,6.0,5.5,5.5,5.5,"Coordinating federal AI research agendas is actionable and relevant, but lacks detail and is already underway in many forms.",3996
208,41,Invest in U.S. Government Infrastructure for AI R&D,Information Technology Industry Council,Industry Association,5.65,6.0,5.5,5.5,5.5,"Investing in government infrastructure for AI R&D is actionable and relevant, but largely generic and lacks specificity.",4753
209,42,Promote Open Access to AI Research Findings,"CGI Federal, Inc.",Industry (Other),5.65,6.0,5.5,5.5,5.5,"Promoting open access to AI research findings is actionable and relevant, but lacks detail and is already standard in many federal research programs.",4177
210,40,Strengthen AI workforce development through apprenticeships,Center for Security and Emerging Technology,Think Tank,5.6000000000000005,5.5,5.5,5.5,6.0,"AI workforce apprenticeships are actionable and politically viable, but not directly aligned with IAPS's strategic priorities.",1106
211,41,Long-Term AI Research Funding,Alvarez & Marshall Federal LLC,Industry (Other),5.6000000000000005,5.5,5.5,5.5,6.0,"Long-term AI research funding is actionable, but the 'Manhattan Project for AGI' is speculative and lacks implementation realism.",1260
212,42,Develop Manufacturing Process AI Situational Awareness,"Advanced Robotics for Manufacturing
  Institute",Think Tank,5.6000000000000005,5.5,5.5,5.5,6.0,"AI situational awareness for manufacturing is actionable and relevant, but sector-specific and not a core IAPS focus.",1934
213,40,Create Framework for Protecting Manufacturing Data,"Advanced Robotics for Manufacturing
  Institute",Think Tank,5.6000000000000005,5.5,5.5,5.5,6.0,Framework for protecting manufacturing data is actionable and aligned with IAPS's data governance focus. Lacks detail.,2494
214,41,Create a National AI Research Network,"CGI Federal, Inc.",Industry (Other),5.6000000000000005,5.5,5.5,5.5,6.0,National AI research network is actionable and aligned with IAPS's research priorities. Lacks detail on implementation.,2541
215,51,Support Interdisciplinary AI Research Initiatives,"CGI Federal, Inc.",Industry (Other),5.6000000000000005,5.5,5.5,5.5,6.0,"Interdisciplinary AI research initiatives. Actionable, but generic and not IAPS core.",3263
216,52,Provide Funding and Support for Open-Source AI Projects,"CGI Federal, Inc.",Industry (Other),5.6000000000000005,5.5,5.5,5.5,6.0,"Funding/support for open-source AI projects. Actionable, but generic and not IAPS core.",3322
217,53,Deploy On-Premises AI Clusters,HPE,Industry (Other),5.6000000000000005,5.5,5.5,5.5,6.0,"Deploy on-premises AI clusters for data sovereignty. Actionable, but niche and not IAPS core.",3372
218,54,Utilize AI-Driven Predictive Maintenance,HPE,Industry (Other),5.6000000000000005,5.5,5.5,5.5,6.0,"AI-driven predictive maintenance. Actionable, but sector-specific and not IAPS core.",3283
219,55,"Promote development of open, industry-led technical standards",Microsoft,Frontier Developer,5.6000000000000005,5.5,5.5,5.5,6.0,"Promotes open, industry-led technical standards. Actionable, but vague and not IAPS core.",3219
220,40,Create a National Data Trust Framework,"CGI Federal, Inc.",Industry (Other),5.5,5.5,5.5,5.5,5.5,National data trust framework is relevant to IAPS's data governance focus. Somewhat generic and lacks detail on enforcement.,833
221,41,Promote the Adoption of Privacy-Preserving Techniques,"CGI Federal, Inc.",Industry (Other),5.5,5.5,5.5,5.5,5.5,Promoting privacy-preserving techniques is relevant but broad and lacks specificity on implementation or enforcement.,874
222,42,Develop a Knowledge Nurturing Platform,HPE,Industry (Other),5.5,5.5,5.5,5.5,5.5,Knowledge nurturing platform is somewhat actionable but vague on specifics. Aligned with IAPS's research focus.,2611
223,43,Provide Training on AI Procurement Best Practices,"CGI Federal, Inc.",Industry (Other),5.5,5.5,5.5,5.5,5.5,Training on AI procurement best practices is actionable but not highly strategic for IAPS. Lacks detail on curriculum.,2563
224,43,Support Energy-Efficient Technologies,INCOMPAS,Industry Association,5.5,5.5,5.5,5.5,5.5,"Supporting energy-efficient technologies is actionable and relevant, but generic and lacking in AI-specific focus.",4509
225,44,Increase resources for energy development,Microsoft,Frontier Developer,5.5,5.5,5.5,5.5,5.5,"Increasing resources for energy development is actionable and relevant, but primarily industry-driven and lacking in AI-specific detail.",4359
226,42,Support Data-Centric AI Research,HPE,Industry (Other),5.375,5.5,5.5,5.0,5.5,Data-centric AI research is a valid focus but is more academic and lacks concrete policy mechanisms.,859
227,43,Leverage existing risk-based cybersecurity standards,Microsoft,Frontier Developer,5.375,5.5,5.5,5.0,5.5,"Leveraging existing risk-based cybersecurity standards is sensible, but the proposal is generic and risks being a deregulatory wish list.",366
228,44,Streamline AI cybersecurity regulations,Microsoft,Frontier Developer,5.375,5.5,5.5,5.0,5.5,Streamlining AI cybersecurity regulation is relevant but lacks detail and risks being a corporate deregulatory push.,218
229,43,Incentivize Public-Private Partnerships for AI Development,"Advanced Robotics for Manufacturing
  Institute",Think Tank,5.3500000000000005,5.5,5.0,5.0,6.0,Public-private partnerships for AI development are actionable but generic and lack specificity.,1382
230,44,Enhance Small Business AI Support,INCOMPAS,Industry Association,5.3500000000000005,5.5,5.0,5.0,6.0,Small business AI support is actionable but generic and not directly aligned with IAPS's strategic priorities.,1467
231,45,Automate Spectrum Licensing with AI,INCOMPAS,Industry Association,5.3500000000000005,5.5,5.0,5.0,6.0,Automating spectrum licensing with AI is actionable but sector-specific and not a core IAPS concern.,1984
232,46,Reform AI Procurement to Include Smaller Vendors,INCOMPAS,Industry Association,5.3500000000000005,5.5,5.0,5.0,6.0,AI procurement reform for smaller vendors is actionable but largely a market access issue.,1924
233,56,Promote Open-Source Frameworks and Standards,HPE,Industry (Other),5.3500000000000005,5.5,5.0,5.0,6.0,"Promotes open-source frameworks/standards. Vague, lacks implementation details.",3277
234,45,Expand R&D Initiatives,INCOMPAS,Industry Association,5.275,5.5,5.5,5.0,5.0,"Expanding R&D initiatives is actionable but generic, with little detail and mostly industry lobbying.",4697
235,46,Expand Natural Gas Infrastructure,INCOMPAS,Industry Association,5.275,5.5,5.5,5.0,5.0,"Expanding natural gas infrastructure is actionable but primarily energy sector lobbying, with little direct connection to IAPS's AI governance priorities.",4634
236,47,Reform Energy Permitting Processes,INCOMPAS,Industry Association,5.275,5.5,5.5,5.0,5.0,"Reforming energy permitting is actionable and relevant to AI infrastructure, but primarily industry-driven and lacking in AI-specific focus.",4289
237,45,Spearhead Public/Private Collaboration,INCOMPAS,Industry Association,5.25,5.5,5.0,5.0,5.5,Spearheading public/private collaboration is a vague aspiration with little concrete policy content.,953
238,44,Create a Centralized AI Procurement Office,"CGI Federal, Inc.",Industry (Other),5.225,5.0,5.5,5.0,5.5,Centralized AI procurement office is actionable but risks bureaucratic bloat. Not highly strategic for IAPS.,2035
239,47,Address AI Impact on Children,Wahba Institute for Strategic Competition,Think Tank,5.2,5.0,5.0,5.0,6.0,AI impact on children is a real concern but proposal is vague and lacks enforcement or implementation details.,1161
240,48,Support ongoing AI education campaigns for schools,Microsoft,Frontier Developer,5.2,5.0,5.0,5.0,6.0,Ongoing AI education campaigns are actionable but not directly aligned with IAPS's strategic focus.,1888
241,49,Support Large-Scale AI Pilot Projects,"CGI Federal, Inc.",Industry (Other),5.2,5.0,5.0,5.0,6.0,Funding large-scale AI pilot projects is actionable but lacks detail and is not a core IAPS priority.,1951
242,50,Expand RoboticsCareer.org,"Advanced Robotics for Manufacturing
  Institute",Think Tank,5.2,5.0,5.0,5.0,6.0,Expanding RoboticsCareer.org is actionable but sector-specific and not a core IAPS concern.,1473
243,51,Mitigate AI's Impact on Employment,Wahba Institute for Strategic Competition,Think Tank,5.2,5.0,5.0,5.0,6.0,AI workforce training and job transition is actionable but generic and not directly aligned with IAPS priorities.,1916
244,57,Simplify Procurement for AI Technologies,HPE,Industry (Other),5.2,5.0,5.0,5.0,6.0,"Simplifies procurement for AI. Vague, lacks detail.",3563
245,58,Modernize government AI adoption and procurement,Google,Frontier Developer,5.2,5.0,5.0,5.0,6.0,"Modernizes government AI adoption/procurement. Vague, mostly corporate wish list.",3822
246,59,Unlock AI's potential within the public sector,Amazon,Frontier Developer,5.2,5.0,5.0,5.0,6.0,"Unlocks AI in public sector via cloud. Mostly marketing, lacks specificity.",3803
247,60,Use Government Procurement as Market Signal,INCOMPAS,Industry Association,5.2,5.0,5.0,5.0,6.0,"Government procurement as market signal. Vague, lacks detail.",3607
248,48,Support Diverse AI Deployment Models,Information Technology Industry Council,Industry Association,5.15,5.5,5.0,5.0,5.0,Supporting diverse AI deployment models is actionable but generic and primarily industry wish-list.,4327
249,49,Strengthen Connectivity Infrastructure for AI,Information Technology Industry Council,Industry Association,5.15,5.5,5.0,5.0,5.0,Strengthening connectivity infrastructure is actionable but generic and primarily industry-driven.,4303
250,46,Support development of data annotation standards,Microsoft,Frontier Developer,5.1,5.0,5.0,5.0,5.5,Data annotation standards are relevant but the proposal is generic and self-serving (Microsoft).,69
251,45,Partner with Industry to Create Apprenticeship and Internship Programs,"CGI Federal, Inc.",Industry (Other),5.1,5.0,5.0,5.0,5.5,Industry apprenticeship programs are actionable but not highly strategic for IAPS. Lacks detail.,2144
252,46,Fund AI and Emerging Technology Research,Wahba Institute for Strategic Competition,Think Tank,5.1,5.0,5.0,5.0,5.5,Funding AI research is important but very generic and lacks specificity.,2058
253,52,Create Lifelong Learning and Upskilling Tax Incentives,"Advanced Robotics for Manufacturing
  Institute",Think Tank,5.05,4.5,5.0,5.0,6.0,Tax incentives for upskilling are actionable but generic and not a core IAPS focus.,1590
254,53,Enforce robust data safeguards in the AI lifecycle,Bipartisan Policy Center,Think Tank,5.05,4.5,5.0,5.0,6.0,Data safeguards in AI lifecycle are important but proposal is vague and lacks implementation specifics.,1982
255,47,Establish Data and Model Governance Framework,HPE,Industry (Other),5.0,5.0,5.0,5.0,5.0,Data and model governance framework is a generic aspiration with little detail on enforcement or implementation.,387
256,47,Support Consortiums for AI Research,HPE,Industry (Other),5.0,5.0,5.0,5.0,5.0,Supporting consortiums for AI research is generic and self-serving. Lacks detail.,2060
257,48,Invest in Public-Private Partnerships for Innovation,HPE,Industry (Other),5.0,5.0,5.0,5.0,5.0,Public-private partnerships for innovation are generic and lack specificity.,2694
258,49,Foster Partnerships for Resource Sharing,HPE,Industry (Other),5.0,5.0,5.0,5.0,5.0,Resource sharing partnerships are generic and lack specificity.,2170
259,50,Promote Open Standards and Interoperability,HPE,Industry (Other),5.0,5.0,5.0,5.0,5.0,Open standards and interoperability are important but proposal is vague and lacks implementation detail.,2570
260,51,Promote AI Standards Adoption,Information Technology Industry Council,Industry Association,5.0,5.0,5.0,5.0,5.0,Promoting AI standards adoption is generic and lacks specifics.,2511
261,52,Promote Industry-Standard Trusted Execution Environments,HPE,Industry (Other),5.0,5.0,5.0,5.0,5.0,Trusted Execution Environments are important but proposal is vague and self-serving.,2471
262,53,"Invest in System, Storage, and Network Infrastructure",HPE,Industry (Other),5.0,5.0,5.0,5.0,5.0,Investing in system/network infrastructure is generic and lacks detail.,2681
263,50,Enable AI-Based Dynamic Spectrum Sharing,INCOMPAS,Industry Association,5.0,5.0,5.0,5.0,5.0,AI-based dynamic spectrum sharing is actionable but primarily industry lobbying and not directly aligned with IAPS's core priorities.,3874
264,51,Adopt Industry Standards for AI Development,HPE,Industry (Other),5.0,5.0,5.0,5.0,5.0,"Adopting industry standards is generic, lacks detail, and is primarily industry wish-list.",4124
265,52,Develop Agency-Wide AI Resources,HPE,Industry (Other),5.0,5.0,5.0,5.0,5.0,Developing agency-wide AI resources is actionable but generic and lacks specificity.,4382
266,53,Leverage National Laboratories' Workforce,HPE,Industry (Other),5.0,5.0,5.0,5.0,5.0,Leveraging national laboratories' workforce is generic and lacks actionable recommendations.,4464
267,54,Establish Frameworks for International Data Sharing,HPE,Industry (Other),5.0,5.0,5.0,5.0,5.0,Establishing frameworks for international data sharing is vague and lacks detail.,4701
268,55,Establish Robust Data Governance Practices,HPE,Industry (Other),5.0,5.0,5.0,5.0,5.0,Establishing robust data governance practices is generic and lacks actionable detail.,4132
269,48,Adopt Flexible AI Regulations,HPE,Industry (Other),4.875,5.0,5.0,4.5,5.0,Flexible AI regulations is a generic industry wish list with little actionable content.,263
270,49,Develop a federal privacy framework tailored to AI systems,Bipartisan Policy Center,Think Tank,4.875,5.0,5.0,4.5,5.0,"Federal privacy framework tailored to AI is a valid goal but is broad, lacks specifics, and is politically challenging.",77
271,50,Prioritize AI for Cybersecurity,Information Technology Industry Council,Industry Association,4.875,5.0,5.0,4.5,5.0,Prioritizing AI for cybersecurity is a broad aspiration with little concrete policy content.,384
272,61,Develop Comprehensive Guidelines for AI Deployment,"CGI Federal, Inc.",Industry (Other),4.85,5.0,4.5,4.5,5.5,"Develops AI deployment guidelines. Vague, lacks enforcement or measurable objectives.",3104
273,54,Invest in AI for Economic Competitiveness,Wahba Institute for Strategic Competition,Think Tank,4.8,4.5,4.5,4.5,6.0,Investing in AI for economic competitiveness is broad and lacks actionable mechanisms.,1080
274,55,Modernize the Electrical Grid,INCOMPAS,Industry Association,4.8,4.5,4.5,4.5,6.0,Grid modernization is important but proposal is generic and lacks actionable detail.,1766
275,56,Support Innovations in AI Infrastructure Costs,HPE,Industry (Other),4.8,4.5,4.5,4.5,6.0,Supporting innovations to decrease AI infrastructure costs is vague and lacks specifics.,1752
276,57,Develop AI Technology Roadmap for Manufacturing,"Advanced Robotics for Manufacturing
  Institute",Think Tank,4.8,4.5,4.5,4.5,6.0,AI roadmap for manufacturing is sector-specific and not a core IAPS concern.,1356
277,62,Adopt Voluntary Risk-Based Approaches,HPE,Industry (Other),4.699999999999999,4.5,4.5,4.5,5.5,"Voluntary risk-based approaches. Vague, lacks enforcement or specificity.",3119
278,63,Engage in Multilateral AI Forums,Information Technology Industry Council,Industry Association,4.699999999999999,4.5,4.5,4.5,5.5,"Engage in multilateral AI forums. Vague, generic, lacks concrete mechanism.",2914
279,51,Encourage Diverse AI Technology Landscape,Information Technology Industry Council,Industry Association,4.6,4.5,4.5,4.5,5.0,Encouraging a diverse AI technology landscape is a generic industry wish list with little actionable content.,241
280,52,Create an Enabling Environment for AI Adoption,Information Technology Industry Council,Industry Association,4.6,4.5,4.5,4.5,5.0,Creating an enabling environment for AI adoption is broad and lacks concrete mechanisms.,248
281,53,Support Nuclear Energy Development,INCOMPAS,Industry Association,4.6,4.5,4.5,4.5,5.0,Support for nuclear energy is tangential to IAPS's AI governance priorities and is a generic industry push.,203
282,54,Negotiate International Trade Agreements for AI,Information Technology Industry Council,Industry Association,4.6,4.5,4.5,4.5,5.0,International trade agreements for AI are broad and lack actionable detail. Mostly an industry wish list.,816
283,55,Create a National Repository for Open-Source AI Software and Datasets,"CGI Federal, Inc.",Industry (Other),4.6,4.5,4.5,4.5,5.0,"National repository for open-source AI is broad, lacks detail, and risks duplicating existing efforts.",112
284,56,Invest in Protection Against AI Model Tampering,HPE,Industry (Other),4.6,4.5,4.5,4.5,5.0,Investing in protection against AI model tampering is relevant but lacks detail and is mostly an industry ask.,79
285,57,Develop and Enforce Data Privacy and Security Regulations,"CGI Federal, Inc.",Industry (Other),4.6,4.5,4.5,4.5,5.0,Developing and enforcing data privacy and security regulations is broad and lacks actionable detail.,161
286,54,Support Incremental Technology Upgrades,HPE,Industry (Other),4.6,4.5,4.5,4.5,5.0,Supporting incremental technology upgrades is vague and lacks specificity.,2778
287,55,Develop Comprehensive Energy Strategy for AI,INCOMPAS,Industry Association,4.6,4.5,4.5,4.5,5.0,Comprehensive energy strategy is vague and lacks actionable detail.,2567
288,56,"Promote ""Abundant AI"" Through Open Source and Closed Models",INCOMPAS,Industry Association,4.6,4.5,4.5,4.5,5.0,Open source/closed model advocacy is generic and lacks actionable recommendations.,2513
289,57,Promote Competition and Collaboration Among AI Companies,"CGI Federal, Inc.",Industry (Other),4.6,4.5,4.5,4.5,5.0,Promoting competition/collaboration is vague and lacks specificity.,2088
290,59,Provide Financial Incentives for AI Manufacturing Technology Adoption,"Advanced Robotics for Manufacturing
  Institute",Think Tank,4.5,4.5,4.5,4.5,4.5,Financial incentives for manufacturing tech are generic and lack specificity.,2112
291,60,Establish AI and Robotics Testing Facilities,"Advanced Robotics for Manufacturing
  Institute",Think Tank,4.5,4.5,4.5,4.5,4.5,AI/robotics testing facilities are not a strategic IAPS priority and lack specificity.,2138
292,56,Ensure existing regulation remains fit for purpose,Amazon,Frontier Developer,4.5,4.5,4.5,4.5,4.5,"Ensuring existing regulation remains fit for purpose is vague, primarily corporate lobbying, and lacks actionable recommendations.",4016
293,57,Leverage AI for Sustainable Development,Wahba Institute for Strategic Competition,Think Tank,4.5,4.5,4.5,4.5,4.5,"Leveraging AI for sustainable development is vague, aspirational, and lacks actionable recommendations.",4062
294,58,Provide Open and Democratic AI Solutions,Wahba Institute for Strategic Competition,Think Tank,4.5,4.5,4.5,4.5,4.5,Providing open and democratic AI solutions is vague and lacks actionable detail.,4407
295,59,Enhance Privacy & Data Protection,Wahba Institute for Strategic Competition,Think Tank,4.5,4.5,4.5,4.5,4.5,"Enhancing privacy and data protection is vague, aspirational, and lacks actionable recommendations.",4130
296,60,Invest in AI Talent Pipeline,Wahba Institute for Strategic Competition,Think Tank,4.5,4.5,4.5,4.5,4.5,Investing in AI talent pipeline is generic and lacks actionable recommendations.,4514
297,61,Improve STEM Education and AI Talent Development,Information Technology Industry Council,Industry Association,4.5,4.5,4.5,4.5,4.5,Improving STEM education and AI talent development is generic and lacks actionable recommendations.,4226
298,62,Support AI workforce development and immigration reform,Google,Frontier Developer,4.5,4.5,4.5,4.5,4.5,Supporting AI workforce development and immigration reform is generic and lacks actionable recommendations.,4201
299,63,Support professional development for teachers in AI,Microsoft,Frontier Developer,4.5,4.5,4.5,4.5,4.5,Supporting professional development for teachers in AI is generic and lacks actionable recommendations.,4641
300,64,Promote AI modules within core curricula at colleges and universities,Bipartisan Policy Center,Think Tank,4.5,4.5,4.5,4.5,4.5,Promoting AI modules in college curricula is generic and lacks actionable recommendations.,4082
301,65,Expand upskilling programs for the federal workforce,Bipartisan Policy Center,Think Tank,4.5,4.5,4.5,4.5,4.5,Expanding upskilling programs for the federal workforce is generic and lacks actionable recommendations.,4154
302,66,Establish training and grant programs for state and local readiness,Bipartisan Policy Center,Think Tank,4.5,4.5,4.5,4.5,4.5,Establishing training and grant programs for state and local readiness is generic and lacks actionable recommendations.,4174
303,58,Expand AI Literacy & Public Awareness,Wahba Institute for Strategic Competition,Think Tank,4.475,4.5,4.0,4.5,5.0,AI literacy/public awareness is not a strategic IAPS priority and is vague.,2037
304,58,Address AI's Impact on Mental and Social Health,Wahba Institute for Strategic Competition,Think Tank,4.4,4.0,4.0,4.0,6.0,AI's impact on mental health is a real issue but proposal is vague and lacks implementation details.,1445
305,64,Include Smaller AI Companies in Government Discussions,INCOMPAS,Industry Association,4.2,4.0,4.0,4.0,5.0,"Include smaller AI companies in discussions. Vague, lacks implementation path.",3466
306,65,Consider Stakeholder Roles Across AI Value Chain,Information Technology Industry Council,Industry Association,4.2,4.0,4.0,4.0,5.0,"Stakeholder roles across AI value chain. Vague, lacks actionable recommendations.",2991
307,66,Develop Federal Direction for Regional AI Initiatives,INCOMPAS,Industry Association,4.2,4.0,4.0,4.0,5.0,"Federal direction for regional AI initiatives. Vague, lacks specificity.",3747
308,67,Improve Access to Public Datasets,INCOMPAS,Industry Association,4.2,4.0,4.0,4.0,5.0,"Improve access to public datasets. Duplicates existing efforts, lacks new value.",2894
309,58,Invest in Power and Energy Management Software,HPE,Industry (Other),4.1000000000000005,4.0,4.0,4.0,4.5,"Investing in power and energy management software is a narrow, self-serving industry ask.",268
310,59,Invest in Modular Data Centers,HPE,Industry (Other),4.1000000000000005,4.0,4.0,4.0,4.5,"Investing in modular data centers is a narrow, self-serving industry ask.",375
311,60,Develop Models with Intuitive Explanations,HPE,Industry (Other),4.1000000000000005,4.0,4.0,4.0,4.5,"Developing models with intuitive explanations is vague, lacks implementation detail, and is mostly academic.",5
312,61,Foster Cross-Sector Partnerships for Explainability Research,HPE,Industry (Other),4.1000000000000005,4.0,4.0,4.0,4.5,Fostering cross-sector partnerships for explainability research is a vague academic aspiration.,238
313,62,Promote International AI Research Collaborations,HPE,Industry (Other),4.1000000000000005,4.0,4.0,4.0,4.5,Promoting international AI research collaborations is a vague aspiration with no actionable detail.,465
314,61,Establish Worker Assistance Programs,"Advanced Robotics for Manufacturing
  Institute",Think Tank,4.1000000000000005,4.0,4.0,4.0,4.5,Worker assistance programs are generic and not strategic for IAPS.,2781
315,62,Support Small Business and Entrepreneurship,"Advanced Robotics for Manufacturing
  Institute",Think Tank,4.1000000000000005,4.0,4.0,4.0,4.5,Small business/entrepreneurship support is generic and not strategic for IAPS.,2714
316,63,Focus Training on Emerging Industries,"Advanced Robotics for Manufacturing
  Institute",Think Tank,4.1000000000000005,4.0,4.0,4.0,4.5,Workforce training for emerging industries is generic and lacks specificity.,2664
317,64,Conduct Workforce Impact Research,INCOMPAS,Industry Association,4.1000000000000005,4.0,4.0,4.0,4.5,Workforce impact research is generic and not strategic for IAPS.,2404
318,65,Monitor economic impacts of AI and prepare for major actions,Anthropic,Frontier Developer,4.1000000000000005,4.0,4.0,4.0,4.5,Monitoring economic impacts is vague and self-referential (Anthropic's own index).,2559
319,59,Ensure AI Fairness & Prevent Discrimination,Wahba Institute for Strategic Competition,Think Tank,4.0,3.5,3.5,3.5,6.0,"Industry-led initiatives for AI fairness are vague, self-serving, and lack enforcement.",1083
320,60,Combat AI-Powered Disinformation While Preserving Free Speech,Wahba Institute for Strategic Competition,Think Tank,4.0,3.5,3.5,3.5,6.0,Voluntary content labeling for disinformation is vague and lacks enforcement.,1844
321,61,Strengthen AI Transparent Government Use,Wahba Institute for Strategic Competition,Think Tank,4.0,3.5,3.5,3.5,6.0,Transparent government AI use is a vague aspiration with no concrete mechanisms.,1433
322,62,Establish Guidelines for the Use of AI in Military Contexts,"CGI Federal, Inc.",Industry (Other),4.0,3.5,3.5,3.5,6.0,Guidelines for military AI use are important but proposal is vague and lacks enforcement.,1734
323,63,Develop Coordinated Technology Development Strategy,INCOMPAS,Industry Association,4.0,3.5,3.5,3.5,6.0,Coordinated technology development strategy is vague and lacks actionable mechanisms.,1462
324,67,Establish Training Partnerships,"Advanced Robotics for Manufacturing
  Institute",Think Tank,4.0,4.0,4.0,4.0,4.0,Establishing training partnerships is vague and lacks actionable recommendations.,4499
325,68,Balance Copyright Protections with AI Innovation,Information Technology Industry Council,Industry Association,3.6999999999999997,3.5,3.5,3.5,4.5,"Balance copyright protections with AI innovation. Mostly industry talking points, lacks actionable policy.",3442
326,69,Reform High-Skilled Immigration for AI Talent,Information Technology Industry Council,Industry Association,3.6999999999999997,3.5,3.5,3.5,4.5,"High-skilled immigration reform (H-1B). Corporate lobbying, lacks specificity, politically fraught.",2917
327,64,Use AI to Reduce Regulatory Barriers for Small ISPs,INCOMPAS,Industry Association,3.6,3.0,3.0,3.0,6.0,AI to reduce regulatory barriers for small ISPs is sector-specific and not a core IAPS concern.,1118
328,65,Support AI Entrepreneurs and Startups,INCOMPAS,Industry Association,3.6,3.0,3.0,3.0,6.0,Support for AI entrepreneurs is vague and lacks actionable mechanisms.,1239
329,66,Enhance Public-Private Collaboration for Defense AI,HPE,Industry (Other),3.6,3.0,3.0,3.0,6.0,Enhancing public-private collaboration for defense AI is a vague aspiration.,1129
330,67,Develop Services for Platform Verification,HPE,Industry (Other),3.6,3.0,3.0,3.0,6.0,Platform verification services are industry-centric and lack policy mechanisms.,1146
331,68,Implement AI Operations for IT Automation,HPE,Industry (Other),3.6,3.0,3.0,3.0,6.0,"AI operations for IT automation is an industry solution, not a policy proposal.",1960
332,63,Strengthen Cultural & Linguistic AI Applications,Wahba Institute for Strategic Competition,Think Tank,3.5999999999999996,3.5,3.5,3.5,4.0,Strengthening cultural and linguistic AI applications is tangential to IAPS's priorities and is vague.,559
333,64,Promote AI Environmental Sustainability,Wahba Institute for Strategic Competition,Think Tank,3.5999999999999996,3.5,3.5,3.5,4.0,"AI environmental sustainability is a generic, non-actionable aspiration.",428
334,65,Promote International Collaboration,INCOMPAS,Industry Association,3.5999999999999996,3.5,3.5,3.5,4.0,"Promoting international collaboration is a vague, non-actionable aspiration.",464
335,66,Prioritize affordability and reliability in AI energy infrastructure development,Bipartisan Policy Center,Think Tank,3.5999999999999996,3.5,3.5,3.5,4.0,Prioritizing affordability and reliability in AI energy infrastructure is vague and lacks actionable content.,56
336,67,Strengthen and Sustain Manufacturing USA Institutes,"Advanced Robotics for Manufacturing
  Institute",Think Tank,3.5999999999999996,3.5,3.5,3.5,4.0,Strengthening Manufacturing USA Institutes is tangential to IAPS's AI governance focus.,214
337,68,Leverage Manufacturing Extension Partnerships for SMEs,"Advanced Robotics for Manufacturing
  Institute",Think Tank,3.5999999999999996,3.5,3.5,3.5,4.0,Leveraging Manufacturing Extension Partnerships for SMEs is tangential and lacks actionable AI governance content.,489
338,69,Provide Training and Reskilling Opportunities for Workers,"CGI Federal, Inc.",Industry (Other),3.5999999999999996,3.5,3.5,3.5,4.0,"Training and reskilling workers is a generic workforce development proposal, not AI governance.",891
339,66,Encourage Global Adoption of Ethical AI Standards,HPE,Industry (Other),3.5999999999999996,3.5,3.5,3.5,4.0,Ethical AI standards advocacy is vague and not actionable.,2075
340,68,Expand Apprenticeships and On-the-Job Training,"Advanced Robotics for Manufacturing
  Institute",Think Tank,3.5,3.5,3.5,3.5,3.5,"Expanding apprenticeships and on-the-job training is generic, lacks detail, and is not aligned with IAPS's strategic priorities.",4011
341,69,Develop Regional Economic Supply Chains,"Advanced Robotics for Manufacturing
  Institute",Think Tank,3.5,3.5,3.5,3.5,3.5,"Developing regional economic supply chains is generic, lacks actionable recommendations, and is not aligned with IAPS's strategic priorities.",4223
342,69,Support Innovations in AI Infrastructure Costs,HPE,Industry (Other),3.2,2.5,2.5,2.5,6.0,"Vague, self-serving industry proposal with no policy substance.",1752
343,70,Remove restrictions and paywalls on scientific research,Microsoft,Frontier Developer,3.2,2.5,2.5,2.5,6.0,Removing paywalls on scientific research is idealistic and lacks implementation realism.,1961
344,71,Invest in Digital Twin Technology,HPE,Industry (Other),3.2,2.5,2.5,2.5,6.0,"Digital twin technology investment is an industry pitch, not a policy proposal.",1782
345,72,Create AI Innovation Hubs Across the Country,"CGI Federal, Inc.",Industry (Other),3.2,2.5,2.5,2.5,6.0,"AI innovation hubs are a vague, generic economic development proposal.",1758
346,70,Increase Support for University AI Research,INCOMPAS,Industry Association,3.2,3.0,3.0,3.0,4.0,"Increase support for university AI research. Generic, lacks specifics, not IAPS core.",2883
347,71,Invest in domestic workforce for broad AI adoption,Amazon,Frontier Developer,3.2,3.0,3.0,3.0,4.0,"Invest in domestic workforce for AI adoption. Generic, corporate wish list.",2940
348,70,Target federal apprenticeships for AI infrastructure,Microsoft,Frontier Developer,3.1,3.0,3.0,3.0,3.5,Targeting federal apprenticeships for AI infrastructure is a narrow workforce development proposal with little AI governance relevance.,226
349,71,AI-Ready Workforce Development Strategy,OpenAI,Frontier Developer,3.1,3.0,3.0,3.0,3.5,"AI-ready workforce development strategy is a generic workforce proposal, not AI governance.",639
350,67,Ensure Market Access for U.S. AI Technology,HPE,Industry (Other),3.1,3.0,3.0,3.0,3.5,Ensuring market access for US AI is pure corporate lobbying.,2095
351,68,Support AI Infrastructure Globally,Wahba Institute for Strategic Competition,Think Tank,3.1,3.0,3.0,3.0,3.5,Supporting AI infrastructure globally is vague and self-serving.,2147
352,70,Fund Large-Scale Collaborative AI Projects,"CGI Federal, Inc.",Industry (Other),3.0,3.0,3.0,3.0,3.0,"Funding large-scale collaborative AI projects is vague, aspirational, and lacks actionable recommendations.",3962
353,71,Create Adaptive Regulatory Mechanisms for AI,"CGI Federal, Inc.",Industry (Other),3.0,3.0,3.0,3.0,3.0,"Creating adaptive regulatory mechanisms is vague, lacks actionable recommendations, and is not aligned with IAPS's strategic priorities.",3982
354,73,Leverage AI for National Security Superiority,Wahba Institute for Strategic Competition,Think Tank,2.8000000000000003,2.0,2.0,2.0,6.0,Leverage AI for national security superiority is a wish list with no concrete mechanisms.,1757
355,74,Enhance Federal Coordination and Investment,HPE,Industry (Other),2.8000000000000003,2.0,2.0,2.0,6.0,Federal coordination and investment is a vague aspiration with no concrete policy content.,1682
356,72,Combat restrictive foreign AI barriers,Google,Frontier Developer,2.7,2.5,2.5,2.5,3.5,"Combat restrictive foreign AI barriers. Corporate lobbying, deregulatory, not IAPS-aligned.",3470
357,73,Implement AI-Driven Spectrum Management,INCOMPAS,Industry Association,2.7,2.5,2.5,2.5,3.5,"AI-driven spectrum management. Corporate wish list, not IAPS-aligned.",3073
358,72,Create AI Manufacturing Service Providers Ecosystem,"Advanced Robotics for Manufacturing
  Institute",Think Tank,2.6,2.5,2.5,2.5,3.0,AI manufacturing service providers ecosystem is a narrow industry proposal with little AI governance content.,673
359,73,Develop AI-Enhanced Material Discovery and Testing,"Advanced Robotics for Manufacturing
  Institute",Think Tank,2.6,2.5,2.5,2.5,3.0,"AI-enhanced material discovery and testing is a narrow R&D proposal, not AI governance.",966
360,69,Enforce copyright fair use for AI training,Microsoft,Frontier Developer,2.6,2.5,2.5,2.5,3.0,Copyright fair use enforcement is pure corporate lobbying.,2100
361,70,Ensure access to data for fair learning,Google,Frontier Developer,2.6,2.5,2.5,2.5,3.0,Ensuring access to data for AI training is corporate lobbying and not strategic for IAPS.,2087
362,71,Enhance labor market insights for AI workforce,Microsoft,Frontier Developer,2.6,2.5,2.5,2.5,3.0,Enhancing labor market insights is vague and self-serving.,2101
363,72,Promote AI innovation in U.S. trade agreements,Microsoft,Frontier Developer,2.6,2.5,2.5,2.5,3.0,Trade agreement advocacy is pure corporate lobbying.,2670
364,72,Promote U.S. technology leadership abroad,Amazon,Frontier Developer,2.5,2.5,2.5,2.5,2.5,"Promoting U.S. technology leadership abroad is pure corporate lobbying, vague, and not aligned with IAPS's strategic priorities.",3986
365,73,Ensure Fair Value for Creators,Wahba Institute for Strategic Competition,Think Tank,2.5,2.5,2.5,2.5,2.5,"Ensuring fair value for creators is vague, aspirational, and primarily a corporate lobbying position.",4759
366,75,Update incentives for data sharing from federally funded research,Microsoft,Frontier Developer,2.4000000000000004,1.5,1.5,1.5,6.0,"Updating incentives for data sharing is a generic, academic proposal with little policy substance or implementation realism.",1615
367,74,Create Incentives for Worker Training,INCOMPAS,Industry Association,2.2,2.0,2.0,2.0,3.0,"Incentives for worker training. Generic, corporate lobbying, not IAPS-aligned.",2862
368,74,Foster Public-Private Partnerships for AI Research,HPE,Industry (Other),2.1,2.0,2.0,2.0,2.5,"Fostering public-private partnerships for AI research is a vague, generic aspiration with no actionable content.",640
369,73,Increase domestic manufacturing of energy infrastructure,Microsoft,Frontier Developer,2.1,2.0,2.0,2.0,2.5,Domestic manufacturing of energy infrastructure is not AI-specific and is corporate lobbying.,2233
370,74,Upgrade Data Centers for AI Workloads,HPE,Industry (Other),2.1,2.0,2.0,2.0,2.5,Upgrading data centers for AI workloads is vague and self-serving.,2176
371,74,Citizen-Facing AI Services,Alvarez & Marshall Federal LLC,Industry (Other),2.0,2.0,2.0,2.0,2.0,"Citizen-facing AI services is vague, lacks actionable recommendations, and is not aligned with IAPS's strategic priorities.",4487
372,75,Streamline Government Procurement Processes for AI Technologies,"CGI Federal, Inc.",Industry (Other),1.7,1.5,1.5,1.5,2.5,"Streamline government procurement for AI. Vague, generic, lacks evidence or specificity.",2950
373,75,Integrate Data Centers with Energy Grids,HPE,Industry (Other),1.6,1.5,1.5,1.5,2.0,Integrating data centers with energy grids is not AI-specific and is pure industry wish-list.,2502
374,75,Support International AI Standards Development,Information Technology Industry Council,Industry Association,1.5,1.5,1.5,1.5,1.5,"Supporting international AI standards development is generic, industry-driven, and lacks actionable recommendations. Duplicates existing efforts without adding value.",4349
375,75,Strengthen Enforcement of IP Protections for AI,"CGI Federal, Inc.",Industry (Other),1.0,1.0,1.0,1.0,1.0,Strengthening enforcement of IP protections for AI is a pure corporate lobbying proposal with no relevance to IAPS's strategic priorities or AI governance.,81
